id,author_id,is_native,region,gender,occupation,submission_type,source_language,annotator_id,partition
0000,34fdde49,0,Харківська,Чоловіча,Технічна,text_donation,,1,train
0001,fc266628,1,Хмельницька,Жіноча,Гуманітарна,translation,ru,1,train
0002,3bff6cb6,1,Львівська,Чоловіча,Технічна,translation,en,1,test
0003,43dcd8a9,1,Київ,Жіноча,Природнича,translation,en,1,train
0004,7896f51c,0,Харківська,Чоловіча,Технічна,text_donation,,1,train
0005,530a649a,1,Львівська,Чоловіча,Технічна,text_donation,,1,train
0006,446b08a9,0,AP Крим,Жіноча,Технічна,text_donation,,1,test
0007,80f62b7f,1,Івано-Франківська,Чоловіча,Гуманітарна,essay,,1,train
0008,22ce04b3,0,Дніпропетровська,Жіноча,Гуманітарна,translation,ru,1,train
0009,664c8b34,1,Львівська,Жіноча,Технічна,essay,,1,train
0010,79642d77,1,Київ,Жіноча,Технічна,translation,en,1,train
0011,b75be1d1,1,Київ,Чоловіча,Природнича,text_donation,,1,train
0012,280f22ee,1,Київ,Чоловіча,Технічна,text_donation,,1,train
0013,d8e8726f,0,Київ,Жіноча,Інше,translation,en,1,test
0014,8ed107e9,1,Донецька,Жіноча,Інше,translation,ru,1,train
0015,4e37d03d,1,Львівська,Жіноча,Інше,translation,pl,1,test
0016,85dbd996,1,Київ,Жіноча,Гуманітарна,text_donation,,1,train
0017,03a6121b,1,Київ,Чоловіча,Технічна,essay,,1,test
0018,ae964e07,0,Київська,Чоловіча,Технічна,essay,,1,train
0019,65331651,0,Київ,Чоловіча,Технічна,text_donation,,1,train
0020,f1610436,0,Донецька,Жіноча,Технічна,translation,en,1,train
0021,e70ef5bc,1,Полтавська,Чоловіча,Технічна,text_donation,,1,train
0022,ce29bcd8,1,Львівська,Жіноча,Технічна,text_donation,,1,train
0023,8f2b88d2,1,Вінницька,Жіноча,Гуманітарна,translation,ru,1,train
0024,6437d852,0,Луганська,Жіноча,Гуманітарна,text_donation,,1,train
0025,7cb42545,1,Львівська,Жіноча,Гуманітарна,translation,en,1,train
0026,de160468,1,Львівська,Жіноча,Гуманітарна,translation,en,1,train
0027,0a681827,1,Київ,Жіноча,Гуманітарна,translation,de,1,train
0028,74600947,1,Дніпропетровська,Жіноча,Інше,text_donation,,1,test
0029,26516797,1,Чернігівська,Жіноча,Гуманітарна,text_donation,,1,train
0030,25c02efd,1,Житомирська,Жіноча,Гуманітарна,text_donation,,1,train
0031,9634dea9,1,Дніпропетровська,Жіноча,Технічна,translation,ru,1,train
0032,d5db703f,0,Київ,Жіноча,Гуманітарна,translation,ru,1,train
0033,e70ef5bc,1,Полтавська,Чоловіча,Технічна,text_donation,,1,train
0034,5704ca3c,1,Львівська,Жіноча,Гуманітарна,text_donation,,1,train
0035,a76f71d5,1,Тернопільська,Чоловіча,Технічна,essay,,1,test
0036,60d85da8,1,Київ,Жіноча,Гуманітарна,translation,ru,1,train
0037,b75be1d1,1,Київ,Чоловіча,Природнича,text_donation,,1,train
0038,f75e3aff,1,Львівська,Жіноча,Природнича,translation,en,1,train
0039,a1f432dd,0,Донецька,Жіноча,Гуманітарна,translation,ru,1,train
0040,a182411c,1,Черкаська,Жіноча,Технічна,essay,,1,train
0041,d2f0062a,0,Полтавська,Чоловіча,Технічна,translation,ru,1,train
0042,cb217b6d,1,Львівська,Чоловіча,Технічна,translation,de,1,train
0043,0af5300a,0,Київ,Жіноча,Гуманітарна,text_donation,,1,train
0044,81bb6a1d,1,Івано-Франківська,Жіноча,Інше,translation,ru,1,train
0045,e70ef5bc,1,Полтавська,Чоловіча,Технічна,text_donation,,1,train
0046,f5b7fd03,1,Київ,Чоловіча,Технічна,text_donation,,1,train
0047,ce29bcd8,1,Львівська,Жіноча,Технічна,text_donation,,1,train
0048,b13100a2,1,Київська,Чоловіча,Інше,translation,ru,1,train
0049,70abe11f,0,Дніпропетровська,Жіноча,Гуманітарна,translation,ru,1,train
0050,85dbd996,1,Київ,Жіноча,Гуманітарна,text_donation,,1,train
0051,965e3649,0,Харківська,Чоловіча,Технічна,translation,en,1,train
0052,e70ef5bc,1,Полтавська,Чоловіча,Технічна,text_donation,,1,train
0053,76333551,1,Київ,Жіноча,Інше,text_donation,,1,train
0054,8529e2cb,1,Тернопільська,Чоловіча,Гуманітарна,text_donation,,1,train
0055,472e426c,1,Київ,Жіноча,Природнича,translation,ru,1,train
0056,c7bfe8b4,1,Львівська,Жіноча,Інше,translation,en,1,train
0057,97fb0c6e,1,Сумська,Жіноча,Гуманітарна,text_donation,,1,test
0058,d8a99deb,0,Київ,Чоловіча,Технічна,text_donation,,1,train
0059,e686df02,1,Вінницька,Жіноча,Гуманітарна,translation,en,1,train
0060,b75be1d1,1,Київ,Чоловіча,Природнича,text_donation,,1,train
0061,b13100a2,1,Київська,Чоловіча,Інше,text_donation,,1,train
0062,b13100a2,1,Київська,Чоловіча,Інше,essay,,1,train
0063,621651b1,1,Львівська,Жіноча,Інше,text_donation,,1,train
0064,c7f8022c,0,Київ,Жіноча,Гуманітарна,essay,,1,train
0065,b7db657c,0,Київ,Жіноча,Гуманітарна,text_donation,,1,train
0066,b13100a2,1,Київська,Чоловіча,Інше,translation,ru,1,train
0067,2e3b24a0,0,Київ,Жіноча,Технічна,translation,en,1,train
0068,7896f51c,0,Харківська,Чоловіча,Технічна,text_donation,,1,train
0069,4076a7e5,0,Одеська,Чоловіча,Природнича,text_donation,,1,train
0070,7896f51c,0,Харківська,Чоловіча,Технічна,text_donation,,1,train
0071,6bfc3b77,1,Київ,Чоловіча,Технічна,text_donation,,1,train
0072,141e6b0e,1,Київ,Жіноча,Інше,translation,ru,1,train
0073,abba680b,1,Київ,Чоловіча,Природнича,text_donation,,1,train
0074,dfaca6b5,1,Дніпропетровська,Чоловіча,Технічна,text_donation,,1,test
0075,e70ef5bc,1,Полтавська,Чоловіча,Технічна,text_donation,,1,train
0076,c62141b1,1,Львівська,Чоловіча,Технічна,translation,en,1,train
0077,e70ef5bc,1,Полтавська,Чоловіча,Технічна,text_donation,,1,train
0078,b753d5c4,0,Київ,Чоловіча,Технічна,text_donation,,1,test
0079,1a2d0d0d,1,Київ,Чоловіча,Гуманітарна,text_donation,,1,train
0080,dc4f22fd,0,Київ,Жіноча,Інше,translation,en,1,train
0081,fb68f16f,1,Львівська,Чоловіча,Технічна,text_donation,,1,train
0082,6d35116c,1,Львівська,Жіноча,Технічна,translation,en,1,train
0083,5704ca3c,1,Львівська,Жіноча,Гуманітарна,text_donation,,1,train
0084,d3cf9a72,1,Київ,Жіноча,Технічна,translation,en,1,train
0085,9ad2992d,0,Черкаська,Чоловіча,Технічна,text_donation,,1,test
0086,26516797,1,Чернігівська,Жіноча,Гуманітарна,text_donation,,1,train
0087,6d6f6b40,0,Київ,Жіноча,Гуманітарна,translation,ru,1,train
0088,7896f51c,0,Харківська,Чоловіча,Технічна,text_donation,,1,train
0089,cf1af4bf,1,Харківська,Чоловіча,Природнича,translation,en,1,train
0090,eb6c09cb,1,Полтавська,Жіноча,Гуманітарна,translation,ru,1,train
0091,ce29bcd8,1,Львівська,Жіноча,Технічна,text_donation,,1,train
0092,8529e2cb,1,Тернопільська,Чоловіча,Гуманітарна,text_donation,,1,train
0093,1c3e9bdd,0,Київ,Чоловіча,Технічна,essay,,1,train
0094,6d1dd6f2,1,Сумська,Жіноча,Гуманітарна,text_donation,,1,train
0095,ce29bcd8,1,Львівська,Жіноча,Технічна,text_donation,,1,train
0096,cb31e350,1,Львівська,Чоловіча,Технічна,translation,en,1,test
0097,b753d5c4,0,Київ,Чоловіча,Технічна,text_donation,,1,test
0098,2365c90a,1,Вінницька,Жіноча,Технічна,text_donation,,1,train
0099,e91f0197,1,Київ,Чоловіча,Технічна,translation,en,1,train
0100,49b39cf2,1,Львівська,Жіноча,Технічна,translation,en,1,test
0101,e70ef5bc,1,Полтавська,Чоловіча,Технічна,text_donation,,1,train
0102,141e6b0e,1,Київ,Жіноча,Інше,translation,en,1,train
0103,d6900217,1,Рівненська,Жіноча,Гуманітарна,text_donation,,1,train
0104,6bfc3b77,1,Київ,Чоловіча,Технічна,text_donation,,1,train
0105,03e9252b,1,Львівська,Чоловіча,Технічна,translation,en,1,test
0106,06e1a47b,1,Київська,Жіноча,Гуманітарна,translation,ru,1,train
0107,6786758f,0,Сумська,Чоловіча,Природнича,text_donation,,1,train
0108,7e2660da,1,Львівська,Чоловіча,Технічна,text_donation,,1,test
0109,4e37d03d,1,Львівська,Жіноча,Інше,translation,en,1,test
0110,e919e97e,0,Київ,Чоловіча,Технічна,translation,ru,1,train
0111,8363e6be,1,Львівська,Жіноча,Технічна,translation,en,1,test
0112,8f2b88d2,1,Вінницька,Жіноча,Гуманітарна,text_donation,,1,train
0113,34fdde49,0,Харківська,Чоловіча,Технічна,text_donation,,1,train
0114,644b551c,1,Львівська,Чоловіча,Гуманітарна,text_donation,,1,train
0115,2081922b,1,Львівська,Жіноча,Інше,translation,en,1,train
0116,3f597642,0,Кіровоградська,Чоловіча,Гуманітарна,text_donation,,1,test
0117,b75be1d1,1,Київ,Чоловіча,Природнича,text_donation,,1,train
0118,3468afba,1,Київ,Жіноча,Гуманітарна,text_donation,,1,test
0119,1a2d0d0d,1,Київ,Чоловіча,Гуманітарна,translation,fr,1,train
0120,7896f51c,0,Харківська,Чоловіча,Технічна,text_donation,,1,train
0121,e70ef5bc,1,Полтавська,Чоловіча,Технічна,text_donation,,1,train
0122,f2f7658f,1,Львівська,Жіноча,Інше,translation,en,1,train
0123,2cf06957,1,Волинська,Жіноча,Технічна,translation,en,1,test
0124,ed1cec9d,1,Київ,Жіноча,Гуманітарна,text_donation,,1,test
0125,d43795f1,1,Київська,Жіноча,Гуманітарна,text_donation,,1,test
0126,d6900217,1,Рівненська,Жіноча,Гуманітарна,text_donation,,1,train
0127,9d28f2bb,0,Черкаська,Чоловіча,Інше,text_donation,,1,test
0128,26143bee,1,Сумська,Жіноча,Гуманітарна,text_donation,,1,test
0129,bd11491a,0,Харківська,Чоловіча,Технічна,text_donation,,1,train
0130,e70ef5bc,1,Полтавська,Чоловіча,Технічна,text_donation,,1,train
0131,e70ef5bc,1,Полтавська,Чоловіча,Технічна,text_donation,,1,train
0132,d5db703f,0,Київ,Жіноча,Гуманітарна,text_donation,,1,train
0133,c50ba9c8,1,Київ,Жіноча,Гуманітарна,text_donation,,1,test
0134,adb56b85,1,Вінницька,Чоловіча,Технічна,translation,ru,1,train
0135,645dd7e5,1,Львівська,Жіноча,Гуманітарна,text_donation,,1,train
0136,60d85da8,1,Київ,Жіноча,Гуманітарна,translation,en,1,train
0137,f789694c,1,Івано-Франківська,Жіноча,Природнича,translation,ru,1,train
0138,f14e5982,0,Дніпропетровська,Жіноча,Гуманітарна,translation,en,1,train
0139,022fe3be,1,Київ,Чоловіча,Технічна,translation,en,1,train
0140,547b09d2,1,Тернопільська,Жіноча,Технічна,text_donation,,1,train
0141,31d8b0fa,1,Київ,Чоловіча,Технічна,translation,en,1,train
0142,5a6b7e51,1,Рівненська,Жіноча,Гуманітарна,text_donation,,1,test
0143,fb68f16f,1,Львівська,Чоловіча,Технічна,text_donation,,1,train
0144,dfaca6b5,1,Дніпропетровська,Чоловіча,Технічна,text_donation,,1,test
0145,7cdca324,0,Київ,Жіноча,Гуманітарна,translation,ru,1,train
0146,a76f71d5,1,Тернопільська,Чоловіча,Технічна,translation,en,1,test
0147,e70ef5bc,1,Полтавська,Чоловіча,Технічна,text_donation,,1,train
0148,8b8c26b3,1,Київ,Жіноча,Гуманітарна,translation,ru,1,train
0149,6060855a,1,Львівська,Жіноча,Інше,translation,en,1,train
0150,f5b7fd03,1,Київ,Чоловіча,Технічна,text_donation,,1,train
0151,78459886,1,Львівська,Жіноча,Технічна,text_donation,,1,train
0152,5145c4a7,1,Івано-Франківська,Жіноча,Природнича,text_donation,,1,train
0153,b75be1d1,1,Київ,Чоловіча,Природнича,text_donation,,1,train
0154,c0016094,1,Івано-Франківська,Чоловіча,Технічна,text_donation,,1,train
0155,1f01c390,0,Харківська,Жіноча,Гуманітарна,text_donation,,1,test
0156,f0749eb4,1,Хмельницька,Жіноча,Технічна,translation,ru,1,train
0157,280f22ee,1,Київ,Чоловіча,Технічна,text_donation,,1,train
0158,27c8c915,0,Київ,Інше,Технічна,translation,en,1,train
0159,8966edb3,0,AP Крим,Жіноча,Технічна,essay,,1,train
0160,d6ceae6e,0,Харківська,Жіноча,Технічна,translation,en,1,train
0161,b75be1d1,1,Київ,Чоловіча,Природнича,text_donation,,1,train
0162,d619abce,1,Київська,Чоловіча,Природнича,translation,en,1,train
0163,d1654f91,1,Київ,Жіноча,Інше,essay,,1,train
0164,7896f51c,0,Харківська,Чоловіча,Технічна,text_donation,,1,train
0165,6cbc0d6c,1,Харківська,Чоловіча,Гуманітарна,text_donation,,1,train
0166,e70ef5bc,1,Полтавська,Чоловіча,Технічна,text_donation,,1,train
0167,e70ef5bc,1,Полтавська,Чоловіча,Технічна,text_donation,,1,train
0168,20976feb,1,Київ,Жіноча,Гуманітарна,text_donation,,1,train
0169,25c02efd,1,Житомирська,Жіноча,Гуманітарна,translation,ru,1,train
0170,cf6418c7,1,Львівська,Чоловіча,Технічна,text_donation,,1,test
0171,f789694c,1,Івано-Франківська,Жіноча,Природнича,essay,,1,train
0172,2d2dca7d,1,Київ,Жіноча,Гуманітарна,text_donation,,1,test
0173,c0016094,1,Івано-Франківська,Чоловіча,Технічна,text_donation,,1,train
0174,d8a99deb,0,Київ,Чоловіча,Технічна,text_donation,,1,train
0175,9ad2992d,0,Черкаська,Чоловіча,Технічна,text_donation,,1,test
0176,b75be1d1,1,Київ,Чоловіча,Природнича,text_donation,,1,train
0177,6e4f43bf,0,AP Крим,Жіноча,Технічна,translation,ru,1,test
0178,ce29bcd8,1,Львівська,Жіноча,Технічна,text_donation,,1,train
0179,ccbe1f8e,1,Тернопільська,Чоловіча,Технічна,translation,en,1,train
0180,250b4c3b,1,Тернопільська,Чоловіча,Технічна,translation,en,1,test
0181,32ccbc09,1,Львівська,Чоловіча,Технічна,translation,en,1,train
0182,7e9facd9,1,Волинська,Жіноча,Технічна,translation,en,1,train
0183,d8a99deb,0,Київ,Чоловіча,Технічна,text_donation,,1,train
0184,280f22ee,1,Київ,Чоловіча,Технічна,text_donation,,1,train
0185,680f42b7,1,Волинська,Жіноча,Гуманітарна,text_donation,,1,train
0186,abba680b,1,Київ,Чоловіча,Природнича,text_donation,,1,train
0187,2ecd2f34,1,Львівська,Чоловіча,Інше,translation,en,1,train
0188,870e812b,1,Волинська,Чоловіча,Технічна,text_donation,,1,test
0189,b75be1d1,1,Київ,Чоловіча,Природнича,text_donation,,1,train
0190,80f62b7f,1,Івано-Франківська,Чоловіча,Гуманітарна,text_donation,,1,train
0191,e70ef5bc,1,Полтавська,Чоловіча,Технічна,text_donation,,1,train
0192,6d3c0e38,1,Сумська,Жіноча,Технічна,translation,en,1,test
0193,48dd3c8a,1,Львівська,Чоловіча,Технічна,text_donation,,1,train
0194,c1d81ee9,1,Київ,Чоловіча,Технічна,translation,en,1,train
0195,48633040,1,Хмельницька,Жіноча,Інше,translation,en,1,train
0196,e1144cce,1,Сумська,Жіноча,Гуманітарна,translation,ru,1,test
0197,85dbd996,1,Київ,Жіноча,Гуманітарна,text_donation,,1,train
0198,f539476d,0,Київ,Чоловіча,Технічна,text_donation,,1,test
0199,c0016094,1,Івано-Франківська,Чоловіча,Технічна,text_donation,,1,train
0200,b44e2b47,0,Харківська,Жіноча,Технічна,translation,ru,1,train
0201,e91f0197,1,Київ,Чоловіча,Технічна,translation,en,1,train
0202,97fb0c6e,1,Сумська,Жіноча,Гуманітарна,text_donation,,1,test
0203,6d3c0e38,1,Сумська,Жіноча,Технічна,essay,,1,test
0204,41b12b0b,1,Тернопільська,Жіноча,Інше,translation,ru,1,train
0205,404691ee,1,Київ,Жіноча,Гуманітарна,text_donation,,1,train
0206,b75be1d1,1,Київ,Чоловіча,Природнича,text_donation,,1,train
0207,2d2dca7d,1,Київ,Жіноча,Гуманітарна,text_donation,,1,test
0208,a4508265,1,Київ,Жіноча,Гуманітарна,text_donation,,1,train
0209,7896f51c,0,Харківська,Чоловіча,Технічна,text_donation,,1,train
0210,332fdcde,1,Київ,Чоловіча,Технічна,translation,en,1,test
0211,9fdefd68,1,Київ,Чоловіча,Гуманітарна,text_donation,,1,test
0212,c7816e25,1,Івано-Франківська,Жіноча,Гуманітарна,translation,ru,1,test
0213,94ac8f6b,1,Львівська,Жіноча,Гуманітарна,translation,ru,1,test
0214,c312370e,1,Івано-Франківська,Жіноча,Інше,translation,ru,1,test
0215,b75be1d1,1,Київ,Чоловіча,Природнича,text_donation,,1,train
0216,9ad2992d,0,Черкаська,Чоловіча,Технічна,text_donation,,1,test
0217,4e37d03d,1,Львівська,Жіноча,Інше,translation,en,1,test
0218,2606037a,1,Дніпропетровська,Жіноча,Технічна,translation,en,1,test
0219,f5b7fd03,1,Київ,Чоловіча,Технічна,text_donation,,1,train
0220,c65df733,1,Тернопільська,Жіноча,Технічна,translation,en,1,train
0221,e70ef5bc,1,Полтавська,Чоловіча,Технічна,text_donation,,1,train
0222,653fe0bd,1,Київ,Жіноча,Технічна,text_donation,,1,train
0223,d5db703f,0,Київ,Жіноча,Гуманітарна,text_donation,,1,train
0224,e59b5d2a,1,Івано-Франківська,Чоловіча,Технічна,text_donation,,1,train
0225,e91f0197,1,Київ,Чоловіча,Технічна,translation,en,1,train
0226,86c54854,0,Дніпропетровська,Чоловіча,Інше,text_donation,,1,train
0227,09da7bb2,1,Львівська,Жіноча,Технічна,translation,en,1,train
0228,7896f51c,0,Харківська,Чоловіча,Технічна,text_donation,,1,train
0229,cf389079,1,Харківська,Жіноча,Гуманітарна,translation,ru,1,train
0230,c91a181e,1,Київ,Жіноча,Гуманітарна,translation,ru,1,train
0231,7896f51c,0,Харківська,Чоловіча,Технічна,text_donation,,1,train
0232,b75be1d1,1,Київ,Чоловіча,Природнича,text_donation,,1,train
0233,25c02efd,1,Житомирська,Жіноча,Гуманітарна,text_donation,,1,train
0234,313bcc2c,0,Харківська,Чоловіча,Гуманітарна,translation,ru,1,train
0235,52419849,1,Херсонська,Чоловіча,Технічна,text_donation,,1,train
0236,7367e1a8,1,Миколаївська,Чоловіча,Гуманітарна,text_donation,,1,train
0237,acf2495b,1,Полтавська,Жіноча,Гуманітарна,translation,ru,1,train
0238,b75be1d1,1,Київ,Чоловіча,Природнича,text_donation,,1,train
0239,9a34f695,1,Львівська,Чоловіча,Інше,translation,en,1,train
0240,8e065803,1,Чернігівська,Чоловіча,Технічна,text_donation,,1,train
0241,ff497a54,0,Київ,Чоловіча,Технічна,text_donation,,1,train
0242,c612dc47,1,Одеська,Жіноча,Гуманітарна,translation,pl,1,train
0243,740cba70,0,Київ,Жіноча,Технічна,translation,en,1,train
0244,81987efb,1,Львівська,Жіноча,Технічна,translation,en,1,train
0245,e4f96a96,0,Донецька,Чоловіча,Технічна,translation,en,1,train
0246,e70ef5bc,1,Полтавська,Чоловіча,Технічна,text_donation,,1,train
0247,7896f51c,0,Харківська,Чоловіча,Технічна,text_donation,,1,train
0248,9a41fcd9,0,Сумська,Чоловіча,Технічна,text_donation,,1,train
0249,8656e9a1,1,Київ,Чоловіча,Технічна,text_donation,,1,train
0250,2c2e196d,0,Дніпропетровська,Жіноча,Гуманітарна,translation,ru,1,train
0251,6a314fbc,1,Київ,Жіноча,Природнича,text_donation,,1,train
0252,446b08a9,0,AP Крим,Жіноча,Технічна,text_donation,,1,test
0253,b753d5c4,0,Київ,Чоловіча,Технічна,text_donation,,1,test
0254,e70ef5bc,1,Полтавська,Чоловіча,Технічна,translation,en,1,train
0255,7896f51c,0,Харківська,Чоловіча,Технічна,text_donation,,1,train
0256,65331651,0,Київ,Чоловіча,Технічна,text_donation,,1,train
0257,b641b977,0,Київ,Чоловіча,Технічна,text_donation,,1,test
0258,8f23efe8,1,Київ,Жіноча,Технічна,essay,,1,train
0259,ce29bcd8,1,Львівська,Жіноча,Технічна,text_donation,,1,train
0260,2d2dca7d,1,Київ,Жіноча,Гуманітарна,text_donation,,1,test
0261,76333551,1,Київ,Жіноча,Інше,text_donation,,1,train
0262,50b773ed,1,Рівненська,Жіноча,Інше,translation,ru,1,train
0263,bad8123d,1,Львівська,Чоловіча,Технічна,text_donation,,1,train
0264,0e718862,1,Полтавська,Чоловіча,Гуманітарна,text_donation,,1,test
0265,60d85da8,1,Київ,Жіноча,Гуманітарна,text_donation,,1,train
0266,b13100a2,1,Київська,Чоловіча,Інше,translation,ru,1,train
0267,4820c0ef,1,Львівська,Чоловіча,Технічна,translation,en,1,test
0268,0ed57314,1,Львівська,Жіноча,Гуманітарна,translation,en,1,test
0269,8b44147b,1,Київ,Жіноча,Інше,translation,ru,1,train
0270,e70ef5bc,1,Полтавська,Чоловіча,Технічна,text_donation,,1,train
0271,a2f617a2,1,Сумська,Жіноча,Інше,text_donation,,1,train
0272,8e065803,1,Чернігівська,Чоловіча,Технічна,text_donation,,1,train
0273,446b08a9,0,AP Крим,Жіноча,Технічна,text_donation,,1,test
0274,f778dfe8,1,Київ,Жіноча,Гуманітарна,text_donation,,1,test
0275,85dbd996,1,Київ,Жіноча,Гуманітарна,text_donation,,1,train
0276,f6d8dee5,1,Одеська,Чоловіча,Гуманітарна,text_donation,,1,train
0277,b753d5c4,0,Київ,Чоловіча,Технічна,text_donation,,1,test
0278,97fb0c6e,1,Сумська,Жіноча,Гуманітарна,text_donation,,1,test
0279,7d15877c,1,Сумська,Жіноча,Технічна,essay,,1,test
0280,2a71681c,1,Львівська,Жіноча,Технічна,text_donation,,1,test
0281,b75be1d1,1,Київ,Чоловіча,Природнича,text_donation,,1,train
0282,7896f51c,0,Харківська,Чоловіча,Технічна,text_donation,,1,train
0283,a4508265,1,Київ,Жіноча,Гуманітарна,text_donation,,1,train
0284,78459886,1,Львівська,Жіноча,Технічна,text_donation,,1,train
0285,7896f51c,0,Харківська,Чоловіча,Технічна,text_donation,,1,train
0286,c612dc47,1,Одеська,Жіноча,Гуманітарна,text_donation,,1,train
0287,85dbd996,1,Київ,Жіноча,Гуманітарна,text_donation,,1,train
0288,a4f8d8e0,1,Дніпропетровська,Жіноча,Технічна,essay,,1,train
0289,7357579c,0,Київ,Чоловіча,Технічна,translation,ru,1,train
0290,3115cb61,1,Тернопільська,Чоловіча,Технічна,translation,en,1,test
0291,dfaca6b5,1,Дніпропетровська,Чоловіча,Технічна,text_donation,,1,test
0292,25c02efd,1,Житомирська,Жіноча,Гуманітарна,essay,,1,train
0293,cf6418c7,1,Львівська,Чоловіча,Технічна,text_donation,,1,test
0294,452cfbad,1,Київська,Чоловіча,Технічна,translation,en,1,train
0295,de9bf872,1,Львівська,Чоловіча,Технічна,translation,en,1,train
0296,d8a99deb,0,Київ,Чоловіча,Технічна,text_donation,,1,train
0297,f5b7fd03,1,Київ,Чоловіча,Технічна,essay,,1,train
0298,a0a6628c,1,Львівська,Чоловіча,Технічна,translation,en,1,test
0299,e70ef5bc,1,Полтавська,Чоловіча,Технічна,text_donation,,1,train
0300,ef7e29e9,1,Рівненська,Жіноча,Гуманітарна,text_donation,,1,train
0301,e70ef5bc,1,Полтавська,Чоловіча,Технічна,text_donation,,1,train
0302,141e6b0e,1,Київ,Жіноча,Інше,essay,,1,train
0303,d8c789c7,0,Київ,Чоловіча,Технічна,translation,en,1,test
0304,b75be1d1,1,Київ,Чоловіча,Природнича,text_donation,,1,train
0305,4e37d03d,1,Львівська,Жіноча,Інше,translation,ru,1,test
0306,8ed107e9,1,Донецька,Жіноча,Інше,translation,ru,1,train
0307,e634fd05,1,Київ,Жіноча,Гуманітарна,essay,,1,train
0308,c0016094,1,Івано-Франківська,Чоловіча,Технічна,text_donation,,1,train
0309,c0016094,1,Івано-Франківська,Чоловіча,Технічна,text_donation,,1,train
0310,982114fa,0,Київ,Жіноча,Технічна,translation,en,1,train
0311,d5db703f,0,Київ,Жіноча,Гуманітарна,translation,ru,1,train
0312,2e9a76d2,0,Інше,Жіноча,Гуманітарна,translation,en,1,train
0313,2a807365,1,Хмельницька,Чоловіча,Природнича,text_donation,,1,train
0314,8529e2cb,1,Тернопільська,Чоловіча,Гуманітарна,text_donation,,1,train
0315,4b45825c,0,Київ,Жіноча,Гуманітарна,translation,ru,1,train
0316,99607234,1,Чернігівська,Жіноча,Гуманітарна,translation,en,1,train
0317,b753d5c4,0,Київ,Чоловіча,Технічна,text_donation,,1,test
0318,1a2d0d0d,1,Київ,Чоловіча,Гуманітарна,text_donation,,1,train
0319,ef7e29e9,1,Рівненська,Жіноча,Гуманітарна,text_donation,,1,train
0320,74600947,1,Дніпропетровська,Жіноча,Інше,text_donation,,1,test
0321,45d7ec9c,1,Київська,Жіноча,Гуманітарна,translation,en,1,train
0322,c0016094,1,Івано-Франківська,Чоловіча,Технічна,text_donation,,1,train
0323,3d461416,1,Вінницька,Жіноча,Гуманітарна,translation,ru,1,train
0324,62fc17be,1,Київ,Жіноча,Гуманітарна,text_donation,,1,test
0325,b13100a2,1,Київська,Чоловіча,Інше,translation,ru,1,train
0326,60237421,1,Львівська,Жіноча,Технічна,text_donation,,1,train
0327,b75be1d1,1,Київ,Чоловіча,Природнича,text_donation,,1,train
0328,c0016094,1,Івано-Франківська,Чоловіча,Технічна,text_donation,,1,train
0329,8837aa3e,0,Сумська,Жіноча,Гуманітарна,translation,de,1,train
0330,e70ef5bc,1,Полтавська,Чоловіча,Технічна,text_donation,,1,train
0331,e46698ef,1,Львівська,Чоловіча,Технічна,translation,en,1,test
0332,71645a74,1,Сумська,Чоловіча,Природнича,translation,ru,1,train
0333,8ed107e9,1,Донецька,Жіноча,Інше,translation,ru,1,train
0334,fc407936,1,Івано-Франківська,Жіноча,Гуманітарна,text_donation,,1,train
0335,74600947,1,Дніпропетровська,Жіноча,Інше,text_donation,,1,test
0336,9ad2992d,0,Черкаська,Чоловіча,Технічна,text_donation,,1,test
0337,51fb3349,1,Донецька,Жіноча,Інше,translation,en,1,train
0338,26516797,1,Чернігівська,Жіноча,Гуманітарна,text_donation,,1,train
0339,6d3c0e38,1,Сумська,Жіноча,Технічна,translation,ru,1,test
0340,ab7d001d,1,Київ,Чоловіча,Технічна,translation,en,1,train
0341,f9891093,1,Львівська,Чоловіча,Технічна,essay,,1,train
0342,aab23c4d,1,Хмельницька,Жіноча,Гуманітарна,translation,ru,1,train
0343,e70ef5bc,1,Полтавська,Чоловіча,Технічна,text_donation,,1,train
0344,b75be1d1,1,Київ,Чоловіча,Природнича,text_donation,,1,train
0345,7896f51c,0,Харківська,Чоловіча,Технічна,text_donation,,1,train
0346,0be877e1,1,Волинська,Жіноча,Інше,translation,en,1,train
0347,04953554,1,Запорізька,Чоловіча,Гуманітарна,text_donation,,1,train
0348,e70ef5bc,1,Полтавська,Чоловіча,Технічна,text_donation,,1,train
0349,0683cb12,0,Київ,Жіноча,Технічна,translation,ru,1,train
0350,172605f9,1,Київ,Жіноча,Гуманітарна,text_donation,,1,train
0351,85623d95,1,Рівненська,Жіноча,Гуманітарна,translation,en,1,train
0352,9ad2992d,0,Черкаська,Чоловіча,Технічна,text_donation,,1,test
0353,9d28f2bb,0,Черкаська,Чоловіча,Інше,text_donation,,1,test
0354,85dbd996,1,Київ,Жіноча,Гуманітарна,text_donation,,1,train
0355,530a649a,1,Львівська,Чоловіча,Технічна,text_donation,,1,train
0356,547b09d2,1,Тернопільська,Жіноча,Технічна,translation,en,1,train
0357,b13100a2,1,Київська,Чоловіча,Інше,text_donation,,1,train
0358,d8a99deb,0,Київ,Чоловіча,Технічна,text_donation,,1,train
0359,f62032e4,1,Львівська,Чоловіча,Інше,text_donation,,1,train
0360,f4abfebe,1,Кіровоградська,Жіноча,Інше,text_donation,,1,train
0361,4d18b647,1,Львівська,Чоловіча,Гуманітарна,translation,en,1,train
0362,3468afba,1,Київ,Жіноча,Гуманітарна,text_donation,,1,test
0363,79dfaf31,1,Київська,Жіноча,Технічна,translation,ru,1,train
0364,6930ca42,1,Дніпропетровська,Жіноча,Інше,translation,en,1,train
0365,a69c0c1c,0,Київ,Чоловіча,Гуманітарна,translation,ru,1,train
0366,b976f82e,1,Львівська,Жіноча,Гуманітарна,text_donation,,1,train
0367,63399ed0,1,Київ,Чоловіча,Гуманітарна,translation,en,1,train
0368,b82ee146,0,Дніпропетровська,Жіноча,Технічна,translation,en,1,train
0369,26516797,1,Чернігівська,Жіноча,Гуманітарна,text_donation,,1,train
0370,6eaeb3ee,1,Львівська,Жіноча,Технічна,text_donation,,1,train
0371,3709d268,1,Луганська,Чоловіча,Технічна,text_donation,,1,train
0372,9d28f2bb,0,Черкаська,Чоловіча,Інше,text_donation,,1,test
0373,63399ed0,1,Київ,Чоловіча,Гуманітарна,text_donation,,1,train
0374,b753d5c4,0,Київ,Чоловіча,Технічна,text_donation,,1,test
0375,b0aa636c,0,Донецька,Жіноча,Природнича,text_donation,,1,train
0376,7896f51c,0,Харківська,Чоловіча,Технічна,text_donation,,1,train
0377,e70ef5bc,1,Полтавська,Чоловіча,Технічна,text_donation,,1,train
0378,664c8b34,1,Львівська,Жіноча,Технічна,translation,en,1,train
0379,b753d5c4,0,Київ,Чоловіча,Технічна,text_donation,,1,test
0380,0be877e1,1,Волинська,Жіноча,Інше,text_donation,,1,train
0381,f67791a7,0,Харківська,Чоловіча,Технічна,translation,en,1,train
0382,a92f3330,0,Київ,Жіноча,Технічна,text_donation,,1,train
0383,c0016094,1,Івано-Франківська,Чоловіча,Технічна,text_donation,,1,train
0384,3468afba,1,Київ,Жіноча,Гуманітарна,text_donation,,1,test
0385,b5735b48,1,Івано-Франківська,Чоловіча,Технічна,text_donation,,1,train
0386,a4508265,1,Київ,Жіноча,Гуманітарна,text_donation,,1,train
0387,280f22ee,1,Київ,Чоловіча,Технічна,text_donation,,1,train
0388,f77eaf80,1,Львівська,Жіноча,Гуманітарна,translation,en,1,train
0389,e91f0197,1,Київ,Чоловіча,Технічна,translation,en,1,train
0390,d8a99deb,0,Київ,Чоловіча,Технічна,text_donation,,1,train
0391,7896f51c,0,Харківська,Чоловіча,Технічна,text_donation,,1,train
0392,204719e3,1,Вінницька,Жіноча,Інше,translation,ru,1,train
0393,20976feb,1,Київ,Жіноча,Гуманітарна,text_donation,,1,train
0394,4076a7e5,0,Одеська,Чоловіча,Природнича,text_donation,,1,train
0395,072115d8,1,Тернопільська,Жіноча,Технічна,translation,ru,1,train
0396,62fc17be,1,Київ,Жіноча,Гуманітарна,text_donation,,1,test
0397,fd27e005,1,Львівська,Чоловіча,Інше,translation,en,1,train
0398,168afe4c,1,Івано-Франківська,Жіноча,Гуманітарна,translation,ru,1,train
0399,b75be1d1,1,Київ,Чоловіча,Природнича,text_donation,,1,train
0400,e70ef5bc,1,Полтавська,Чоловіча,Технічна,text_donation,,1,train
0401,bdf97893,1,Львівська,Чоловіча,Інше,translation,en,1,train
0402,b75be1d1,1,Київ,Чоловіча,Природнича,text_donation,,1,train
0403,26516797,1,Чернігівська,Жіноча,Гуманітарна,text_donation,,1,train
0404,c5ba9f5e,0,Львівська,Чоловіча,Технічна,text_donation,,1,train
0405,172605f9,1,Київ,Жіноча,Гуманітарна,translation,ru,1,train
0406,e70ef5bc,1,Полтавська,Чоловіча,Технічна,text_donation,,1,train
0407,7d30d6b7,1,Київ,Чоловіча,Природнича,text_donation,,1,test
0408,c0016094,1,Івано-Франківська,Чоловіча,Технічна,text_donation,,1,train
0409,187966ed,0,Вінницька,Чоловіча,Технічна,translation,ru,1,train
0410,172605f9,1,Київ,Жіноча,Гуманітарна,text_donation,,1,train
0411,db488def,0,Волинська,Чоловіча,Технічна,translation,en,1,train
0412,e70ef5bc,1,Полтавська,Чоловіча,Технічна,text_donation,,1,train
0413,a4508265,1,Київ,Жіноча,Гуманітарна,text_donation,,1,train
0414,abba680b,1,Київ,Чоловіча,Природнича,text_donation,,1,train
0415,f609d158,1,Львівська,Жіноча,Технічна,text_donation,,1,train
0416,b90a0a03,1,Полтавська,Жіноча,Гуманітарна,translation,ru,1,train
0417,7896f51c,0,Харківська,Чоловіча,Технічна,text_donation,,1,train
0418,48f0d1bd,1,Волинська,Чоловіча,Технічна,text_donation,,1,train
0419,25c02efd,1,Житомирська,Жіноча,Гуманітарна,text_donation,,1,train
0420,996791d9,0,Київ,Жіноча,Інше,translation,ru,1,train
0421,b8778f94,1,Житомирська,Чоловіча,Технічна,text_donation,,1,train
0422,a4508265,1,Київ,Жіноча,Гуманітарна,text_donation,,1,train
0423,547b09d2,1,Тернопільська,Жіноча,Технічна,text_donation,,1,train
0424,f75e3aff,1,Львівська,Жіноча,Природнича,text_donation,,1,train
0425,d5db703f,0,Київ,Жіноча,Гуманітарна,translation,ru,1,train
0426,8552bbc5,0,Харківська,Чоловіча,Природнича,translation,en,1,test
0427,6e562eb5,1,Київ,Чоловіча,Технічна,translation,ru,1,train
0428,547b46df,1,Львівська,Чоловіча,Технічна,translation,en,1,train
0429,63f78db8,1,Хмельницька,Чоловіча,Гуманітарна,translation,pl,1,train
0430,b641b977,0,Київ,Чоловіча,Технічна,text_donation,,1,test
0431,65331651,0,Київ,Чоловіча,Технічна,text_donation,,1,train
0432,2e9a76d2,0,Інше,Жіноча,Гуманітарна,translation,pl,1,train
0433,ec25bafa,1,Львівська,Жіноча,Технічна,translation,pl,1,train
0434,2a71681c,1,Львівська,Жіноча,Технічна,text_donation,,1,test
0435,e91f0197,1,Київ,Чоловіча,Технічна,translation,en,1,train
0436,540cb3e3,1,Львівська,Жіноча,Технічна,translation,en,1,train
0437,f0550cbd,1,Івано-Франківська,Жіноча,Інше,text_donation,,1,train
0438,31d8b0fa,1,Київ,Чоловіча,Технічна,translation,ru,1,train
0439,e70ef5bc,1,Полтавська,Чоловіча,Технічна,text_donation,,1,train
0440,26516797,1,Чернігівська,Жіноча,Гуманітарна,text_donation,,1,train
0441,773ed85c,1,Львівська,Чоловіча,Технічна,translation,en,1,train
0442,0e488c21,1,Львівська,Жіноча,Інше,translation,en,1,train
0443,e70ef5bc,1,Полтавська,Чоловіча,Технічна,text_donation,,1,train
0444,26516797,1,Чернігівська,Жіноча,Гуманітарна,text_donation,,1,train
0445,c063495f,1,Тернопільська,Жіноча,Гуманітарна,translation,en,1,train
0446,f75e3aff,1,Львівська,Жіноча,Природнича,text_donation,,1,train
0447,2891154a,1,Чернівецька,Чоловіча,Гуманітарна,translation,en,1,test
0448,e70ef5bc,1,Полтавська,Чоловіча,Технічна,text_donation,,1,train
0449,2891154a,1,Чернівецька,Чоловіча,Гуманітарна,translation,en,1,test
0450,d6900217,1,Рівненська,Жіноча,Гуманітарна,text_donation,,1,train
0451,1cd6f19b,1,Черкаська,Чоловіча,Технічна,translation,en,1,train
0452,922c6d30,0,Київ,Жіноча,Технічна,text_donation,,1,train
0453,b5735b48,1,Івано-Франківська,Чоловіча,Технічна,text_donation,,1,train
0454,7896f51c,0,Харківська,Чоловіча,Технічна,text_donation,,1,train
0455,7896f51c,0,Харківська,Чоловіча,Технічна,text_donation,,1,train
0456,31d18037,1,Київська,Чоловіча,Технічна,text_donation,,1,train
0457,561aa3aa,1,Вінницька,Жіноча,Технічна,translation,ru,1,train
0458,7896f51c,0,Харківська,Чоловіча,Технічна,text_donation,,1,train
0459,c7a977f7,0,Донецька,Жіноча,Технічна,translation,ru,1,train
0460,b75be1d1,1,Київ,Чоловіча,Природнича,text_donation,,1,train
0461,b9cf07a5,1,Тернопільська,Чоловіча,Технічна,text_donation,,1,train
0462,680f42b7,1,Волинська,Жіноча,Гуманітарна,translation,de,1,train
0463,8ed107e9,1,Донецька,Жіноча,Інше,translation,ru,1,train
0464,8d8dd1c6,0,Сумська,Жіноча,Технічна,translation,pl,1,train
0465,c50ba9c8,1,Київ,Жіноча,Гуманітарна,text_donation,,1,test
0466,f9891093,1,Львівська,Чоловіча,Технічна,text_donation,,1,train
0467,60a47522,1,Житомирська,Жіноча,Технічна,translation,ru,1,train
0468,26516797,1,Чернігівська,Жіноча,Гуманітарна,text_donation,,1,train
0469,7896f51c,0,Харківська,Чоловіча,Технічна,text_donation,,1,train
0470,2a71681c,1,Львівська,Жіноча,Технічна,translation,en,1,test
0471,67211f18,0,Харківська,Жіноча,Гуманітарна,text_donation,,1,train
0472,0bfc22b8,1,Київська,Жіноча,Технічна,translation,en,1,train
0473,79dfaf31,1,Київська,Жіноча,Технічна,text_donation,,1,train
0474,d7b911d7,1,Херсонська,Чоловіча,Технічна,text_donation,,1,train
0475,26516797,1,Чернігівська,Жіноча,Гуманітарна,text_donation,,1,train
0476,653fe0bd,1,Київ,Жіноча,Технічна,text_donation,,1,train
0477,3754aa08,0,Київ,Жіноча,Технічна,translation,ru,1,train
0478,b75be1d1,1,Київ,Чоловіча,Природнича,text_donation,,1,train
0479,2244117d,1,Івано-Франківська,Чоловіча,Технічна,text_donation,,1,train
0480,c0016094,1,Івано-Франківська,Чоловіча,Технічна,text_donation,,1,train
0481,48da05e7,1,Київ,Чоловіча,Технічна,translation,en,1,train
0482,34fdde49,0,Харківська,Чоловіча,Технічна,text_donation,,1,train
0483,0d4657c8,1,Львівська,Чоловіча,Інше,translation,en,1,train
0484,e70ef5bc,1,Полтавська,Чоловіча,Технічна,text_donation,,1,train
0485,9ad2992d,0,Черкаська,Чоловіча,Технічна,text_donation,,1,test
0486,d8a99deb,0,Київ,Чоловіча,Технічна,text_donation,,1,train
0487,a4508265,1,Київ,Жіноча,Гуманітарна,text_donation,,1,train
0488,92e2f344,1,Київ,Жіноча,Гуманітарна,translation,ru,1,train
0489,1a2d0d0d,1,Київ,Чоловіча,Гуманітарна,text_donation,,1,train
0490,78459886,1,Львівська,Жіноча,Технічна,text_donation,,1,train
0491,a4508265,1,Київ,Жіноча,Гуманітарна,text_donation,,1,train
0492,76333551,1,Київ,Жіноча,Інше,text_donation,,1,train
0493,1f415606,0,Харківська,Жіноча,Гуманітарна,essay,,1,train
0494,80f62b7f,1,Івано-Франківська,Чоловіча,Гуманітарна,text_donation,,1,train
0495,f14e5982,0,Дніпропетровська,Жіноча,Гуманітарна,text_donation,,1,train
0496,76333551,1,Київ,Жіноча,Інше,text_donation,,1,train
0497,ce29bcd8,1,Львівська,Жіноча,Технічна,text_donation,,1,train
0498,4c2bab9f,0,Дніпропетровська,Чоловіча,Технічна,text_donation,,1,train
0499,60d85da8,1,Київ,Жіноча,Гуманітарна,translation,en,1,train
0500,9ad2992d,0,Черкаська,Чоловіча,Технічна,text_donation,,1,test
0501,8f23efe8,1,Київ,Жіноча,Технічна,essay,,1,train
0502,0be877e1,1,Волинська,Жіноча,Інше,text_donation,,1,train
0503,7896f51c,0,Харківська,Чоловіча,Технічна,text_donation,,1,train
0504,35c6da66,1,Львівська,Жіноча,Технічна,translation,en,1,train
0505,6c86db53,1,Київ,Чоловіча,Гуманітарна,translation,en,1,train
0506,f150bd3b,0,Харківська,Жіноча,Технічна,translation,ru,1,test
0507,c612dc47,1,Одеська,Жіноча,Гуманітарна,text_donation,,1,train
0508,25c02efd,1,Житомирська,Жіноча,Гуманітарна,text_donation,,1,train
0509,7896f51c,0,Харківська,Чоловіча,Технічна,text_donation,,1,train
0510,9f6489d0,1,Львівська,Жіноча,Гуманітарна,text_donation,,1,train
0511,8ed107e9,1,Донецька,Жіноча,Інше,translation,ru,1,train
0512,85dbd996,1,Київ,Жіноча,Гуманітарна,text_donation,,1,train
0513,e70ef5bc,1,Полтавська,Чоловіча,Технічна,text_donation,,1,train
0514,25c02efd,1,Житомирська,Жіноча,Гуманітарна,text_donation,,1,train
0515,6edbd314,0,Одеська,Жіноча,Технічна,translation,ru,1,train
0516,26516797,1,Чернігівська,Жіноча,Гуманітарна,text_donation,,1,train
0517,b0aa636c,0,Донецька,Жіноча,Природнича,translation,ru,1,train
0518,0be877e1,1,Волинська,Жіноча,Інше,text_donation,,1,train
0519,98ced84a,1,Сумська,Жіноча,Технічна,translation,ru,1,train
0520,5704ca3c,1,Львівська,Жіноча,Гуманітарна,text_donation,,1,train
0521,97fb0c6e,1,Сумська,Жіноча,Гуманітарна,text_donation,,1,test
0522,0be877e1,1,Волинська,Жіноча,Інше,text_donation,,1,train
0523,a4508265,1,Київ,Жіноча,Гуманітарна,text_donation,,1,train
0524,fc407936,1,Івано-Франківська,Жіноча,Гуманітарна,text_donation,,1,train
0525,fb68f16f,1,Львівська,Чоловіча,Технічна,text_donation,,1,train
0526,85dbd996,1,Київ,Жіноча,Гуманітарна,text_donation,,1,train
0527,b75be1d1,1,Київ,Чоловіча,Природнича,text_donation,,1,train
0528,e79cc840,1,Чернівецька,Жіноча,Технічна,translation,ru,1,train
0529,547b09d2,1,Тернопільська,Жіноча,Технічна,text_donation,,1,train
0530,f5b7fd03,1,Київ,Чоловіча,Технічна,text_donation,,1,train
0531,021d0178,1,Львівська,Жіноча,Технічна,translation,en,1,train
0532,97c77e5e,1,Київ,Жіноча,Технічна,translation,en,1,train
0533,26516797,1,Чернігівська,Жіноча,Гуманітарна,text_donation,,1,train
0534,d8a99deb,0,Київ,Чоловіча,Технічна,text_donation,,1,train
0535,a4f8d8e0,1,Дніпропетровська,Жіноча,Технічна,text_donation,,1,train
0536,5137514c,1,Івано-Франківська,Чоловіча,Природнича,translation,en,1,train
0537,ce29bcd8,1,Львівська,Жіноча,Технічна,text_donation,,1,train
0538,10ae303d,1,Київ,Жіноча,Гуманітарна,translation,ru,1,train
0539,34fdde49,0,Харківська,Чоловіча,Технічна,text_donation,,1,train
0540,2206358c,1,Полтавська,Чоловіча,Гуманітарна,translation,en,1,train
0541,62fc17be,1,Київ,Жіноча,Гуманітарна,text_donation,,1,test
0542,aec97fcc,1,Черкаська,Жіноча,Гуманітарна,translation,ru,1,train
0543,e2bf252f,0,Київ,Жіноча,Гуманітарна,translation,en,1,train
0544,b75be1d1,1,Київ,Чоловіча,Природнича,text_donation,,1,train
0545,26516797,1,Чернігівська,Жіноча,Гуманітарна,text_donation,,1,train
0546,0be877e1,1,Волинська,Жіноча,Інше,text_donation,,1,train
0547,6786758f,0,Сумська,Чоловіча,Природнича,text_donation,,1,train
0548,965e3649,0,Харківська,Чоловіча,Технічна,essay,,1,train
0549,6ed58e5f,0,Київська,Жіноча,Технічна,text_donation,,1,train
0550,1f01c390,0,Харківська,Жіноча,Гуманітарна,text_donation,,1,test
0551,b75be1d1,1,Київ,Чоловіча,Природнича,text_donation,,1,train
0552,ce490228,1,Київ,Чоловіча,Технічна,translation,pl,1,train
0553,00eaf373,1,AP Крим,Жіноча,Гуманітарна,translation,en,1,train
0554,fc407936,1,Івано-Франківська,Жіноча,Гуманітарна,text_donation,,1,train
0555,f5b7fd03,1,Київ,Чоловіча,Технічна,translation,en,1,train
0556,afadaadf,0,Дніпропетровська,Чоловіча,Технічна,text_donation,,1,train
0557,898e8fce,1,Львівська,Чоловіча,Технічна,text_donation,,1,train
0558,a410bef0,1,Київ,Чоловіча,Природнича,text_donation,,1,train
0559,cebd4980,1,Київ,Жіноча,Гуманітарна,essay,,1,train
0560,20bb6576,1,Миколаївська,Жіноча,Гуманітарна,translation,ru,1,train
0561,bb3ccc7a,1,Тернопільська,Чоловіча,Технічна,translation,en,1,train
0562,ce29bcd8,1,Львівська,Жіноча,Технічна,text_donation,,1,train
0563,7896f51c,0,Харківська,Чоловіча,Технічна,text_donation,,1,train
0564,72afa868,1,Київ,Жіноча,Гуманітарна,text_donation,,1,train
0565,6e9f5804,1,Дніпропетровська,Чоловіча,Технічна,text_donation,,1,train
0566,fb245533,0,Київ,Жіноча,Гуманітарна,text_donation,,1,train
0567,26516797,1,Чернігівська,Жіноча,Гуманітарна,text_donation,,1,train
0568,e70ef5bc,1,Полтавська,Чоловіча,Технічна,text_donation,,1,train
0569,6cd7e33b,1,Вінницька,Жіноча,Технічна,text_donation,,1,train
0570,29249529,1,Вінницька,Чоловіча,Технічна,translation,en,1,train
0571,898e8fce,1,Львівська,Чоловіча,Технічна,text_donation,,1,train
0572,ffdb987e,1,Київська,Жіноча,Гуманітарна,text_donation,,1,train
0573,32e353f2,0,Донецька,Жіноча,Інше,translation,ru,1,train
0574,25c02efd,1,Житомирська,Жіноча,Гуманітарна,text_donation,,1,train
0575,94ac8f6b,1,Львівська,Жіноча,Гуманітарна,translation,ru,1,test
0576,1f01c390,0,Харківська,Жіноча,Гуманітарна,text_donation,,1,test
0577,9e077e67,1,Донецька,Чоловіча,Технічна,translation,en,1,train
0578,c0016094,1,Івано-Франківська,Чоловіча,Технічна,text_donation,,1,train
0579,6e9f5804,1,Дніпропетровська,Чоловіча,Технічна,text_donation,,1,train
0580,8975c641,0,Херсонська,Чоловіча,Технічна,translation,ru,1,train
0581,404691ee,1,Київ,Жіноча,Гуманітарна,text_donation,,1,train
0582,2206358c,1,Полтавська,Чоловіча,Гуманітарна,translation,en,1,train
0583,7e9facd9,1,Волинська,Жіноча,Інше,translation,ru,1,train
0584,3f9d14ed,0,Київська,Чоловіча,Гуманітарна,translation,en,1,train
0585,40cdc925,0,Київ,Чоловіча,Технічна,translation,en,1,train
0586,9e077e67,1,Донецька,Чоловіча,Технічна,translation,fr,1,train
0587,3bfb18b4,0,Чернівецька,Жіноча,Гуманітарна,text_donation,,1,train
0588,26516797,1,Чернігівська,Жіноча,Гуманітарна,text_donation,,1,train
0589,28ed3d6c,1,Львівська,Жіноча,Інше,essay,,1,train
0590,26516797,1,Чернігівська,Жіноча,Гуманітарна,text_donation,,1,train
0591,41b12b0b,1,Тернопільська,Жіноча,Інше,translation,ru,1,train
0592,2081922b,1,Львівська,Жіноча,Інше,translation,ru,1,train
0593,898e8fce,1,Львівська,Чоловіча,Технічна,text_donation,,1,train
0594,172605f9,1,Київ,Жіноча,Гуманітарна,text_donation,,1,train
0595,cae03f86,1,Закарпатська,Чоловіча,Технічна,text_donation,,1,train
0596,c0016094,1,Івано-Франківська,Чоловіча,Технічна,text_donation,,1,train
0597,e70ef5bc,1,Полтавська,Чоловіча,Технічна,text_donation,,1,train
0598,ce490228,1,Київ,Чоловіча,Технічна,translation,ru,1,train
0599,83fbf949,0,Одеська,Чоловіча,Технічна,translation,en,1,train
0600,a4508265,1,Київ,Жіноча,Гуманітарна,text_donation,,1,train
0601,f150bd3b,0,Харківська,Жіноча,Технічна,translation,en,1,test
0602,8ed107e9,1,Донецька,Жіноча,Інше,translation,ru,1,train
0603,a63840a5,1,Львівська,Чоловіча,Технічна,translation,en,1,train
0604,a4f8d8e0,1,Київ,Жіноча,Технічна,translation,ru,1,train
0605,76751ad8,0,Дніпропетровська,Жіноча,Гуманітарна,translation,ru,1,train
0606,a6e2fc11,1,Київ,Чоловіча,Природнича,text_donation,,1,train
0607,486f1cae,0,Київська,Чоловіча,Інше,translation,ru,1,train
0608,0be877e1,1,Волинська,Жіноча,Інше,text_donation,,1,train
0609,a182411c,1,Черкаська,Жіноча,Технічна,translation,en,1,train
0610,da6493cb,0,Донецька,Чоловіча,Технічна,translation,en,1,train
0611,0be877e1,1,Волинська,Жіноча,Інше,text_donation,,1,train
0612,ae6f8f2c,1,Львівська,Жіноча,Технічна,translation,en,1,train
0613,d8a99deb,0,Київ,Чоловіча,Технічна,text_donation,,1,train
0614,ff497a54,0,Київ,Чоловіча,Технічна,text_donation,,1,train
0615,0be877e1,1,Волинська,Жіноча,Інше,text_donation,,1,train
0616,12485963,1,Київ,Чоловіча,Технічна,translation,en,1,train
0617,3c600c66,1,Львівська,Чоловіча,Технічна,text_donation,,1,train
0618,fecebe23,1,Київська,Чоловіча,Гуманітарна,translation,en,1,train
0619,09475dcd,1,Дніпропетровська,Чоловіча,Гуманітарна,translation,ru,1,train
0620,26516797,1,Чернігівська,Жіноча,Гуманітарна,text_donation,,1,train
0621,b753d5c4,0,Київ,Чоловіча,Технічна,text_donation,,1,test
0622,b75be1d1,1,Київ,Чоловіча,Природнича,text_donation,,1,train
0623,5e47790b,1,Львівська,Жіноча,Технічна,text_donation,,1,train
0624,3468afba,1,Київ,Жіноча,Гуманітарна,text_donation,,1,test
0625,898e8fce,1,Львівська,Чоловіча,Технічна,text_donation,,1,train
0626,e1fdd184,1,Рівненська,Жіноча,Гуманітарна,translation,ru,1,train
0627,fc407936,1,Івано-Франківська,Жіноча,Гуманітарна,text_donation,,1,train
0628,e70ef5bc,1,Полтавська,Чоловіча,Технічна,text_donation,,1,train
0629,c0016094,1,Івано-Франківська,Чоловіча,Технічна,text_donation,,1,train
0630,3e9e05ff,0,Запорізька,Жіноча,Технічна,essay,,1,train
0631,33511c2f,1,Житомирська,Чоловіча,Гуманітарна,translation,ru,1,train
0632,c8482c91,1,Київ,Чоловіча,Технічна,translation,en,1,train
0633,c0016094,1,Івано-Франківська,Чоловіча,Технічна,text_donation,,1,train
0634,efa9123a,1,Львівська,Жіноча,Інше,translation,en,1,train
0635,eedd398d,0,Вінницька,Чоловіча,Технічна,text_donation,,1,test
0636,f153f9fc,0,Київ,Жіноча,Гуманітарна,text_donation,,1,train
0637,280f22ee,1,Київ,Чоловіча,Технічна,text_donation,,1,train
0638,f5b7fd03,1,Київ,Чоловіча,Технічна,text_donation,,1,train
0639,1a2d0d0d,1,Київ,Чоловіча,Гуманітарна,text_donation,,1,train
0640,530a649a,1,Львівська,Чоловіча,Технічна,text_donation,,1,train
0641,394ee4ed,1,Чернівецька,Чоловіча,Інше,text_donation,,1,train
0642,a4508265,1,Київ,Жіноча,Гуманітарна,text_donation,,1,train
0643,b610e6eb,1,Львівська,Жіноча,Технічна,text_donation,,1,train
0644,65331651,0,Київ,Чоловіча,Технічна,text_donation,,1,train
0645,8529e2cb,1,Тернопільська,Чоловіча,Гуманітарна,text_donation,,1,train
0646,bc0b4579,1,Волинська,Жіноча,Технічна,translation,en,1,train
0647,ba43b644,1,Дніпропетровська,Жіноча,Гуманітарна,translation,en,1,train
0648,a04a25fd,1,Київська,Чоловіча,Технічна,text_donation,,1,train
0649,0be877e1,1,Волинська,Жіноча,Інше,text_donation,,1,train
0650,b75be1d1,1,Київ,Чоловіча,Природнича,text_donation,,1,train
0651,76333551,1,Київ,Жіноча,Інше,text_donation,,1,train
0652,d6900217,1,Рівненська,Жіноча,Гуманітарна,text_donation,,1,train
0653,fecebe23,1,Київська,Чоловіча,Гуманітарна,translation,ru,1,train
0654,c0016094,1,Івано-Франківська,Чоловіча,Технічна,text_donation,,1,train
0655,10ae303d,1,Київ,Жіноча,Гуманітарна,translation,ru,1,train
0656,65331651,0,Київ,Чоловіча,Технічна,text_donation,,1,train
0657,cf6418c7,1,Львівська,Чоловіча,Технічна,text_donation,,1,test
0658,10ae303d,1,Київ,Жіноча,Гуманітарна,translation,ru,1,train
0659,c0016094,1,Івано-Франківська,Чоловіча,Технічна,text_donation,,1,train
0660,b59b56ad,1,Київ,Інше,Технічна,translation,en,1,train
0661,c7f8022c,0,Київ,Жіноча,Гуманітарна,translation,ru,1,train
0662,411e82c9,1,Полтавська,Чоловіча,Гуманітарна,text_donation,,1,test
0663,25c02efd,1,Житомирська,Жіноча,Гуманітарна,text_donation,,1,train
0664,23565f26,1,Одеська,Чоловіча,Технічна,text_donation,,1,train
0665,b13100a2,1,Київська,Чоловіча,Інше,translation,ru,1,train
0666,6bfc3b77,1,Київ,Чоловіча,Технічна,text_donation,,1,train
0667,dcd559d6,1,Київ,Чоловіча,Гуманітарна,translation,en,1,train
0668,c9df776b,0,Полтавська,Чоловіча,Інше,text_donation,,1,train
0669,b753d5c4,0,Київ,Чоловіча,Технічна,text_donation,,1,test
0670,d00a00bc,1,Львівська,Жіноча,Технічна,translation,en,1,train
0671,7896f51c,0,Харківська,Чоловіча,Технічна,text_donation,,1,train
0672,68f4fffd,1,Київ,Жіноча,Технічна,text_donation,,1,train
0673,76333551,1,Київ,Жіноча,Інше,text_donation,,1,train
0674,d7059798,0,Житомирська,Жіноча,Гуманітарна,translation,ru,1,train
0675,e70ef5bc,1,Полтавська,Чоловіча,Технічна,text_donation,,1,train
0676,5a6b7e51,1,Рівненська,Жіноча,Гуманітарна,text_donation,,1,test
0677,8363e6be,1,Рівненська,Жіноча,Технічна,translation,en,1,test
0678,66d9ff96,1,Івано-Франківська,Чоловіча,Технічна,translation,en,1,train
0679,8ed107e9,1,Донецька,Жіноча,Інше,translation,ru,1,train
0680,928c719d,1,Дніпропетровська,Чоловіча,Технічна,text_donation,,1,train
0681,d2dc282f,1,Івано-Франківська,Чоловіча,Технічна,text_donation,,1,train
0682,f358751a,0,Харківська,Жіноча,Технічна,translation,ru,1,test
0683,411e82c9,1,Полтавська,Чоловіча,Гуманітарна,text_donation,,1,test
0684,c312370e,1,Івано-Франківська,Жіноча,Інше,translation,en,1,test
0685,68f4fffd,1,Київ,Жіноча,Технічна,text_donation,,1,train
0686,4e1f1ae4,1,Львівська,Чоловіча,Інше,translation,en,1,train
0687,76333551,1,Київ,Жіноча,Інше,text_donation,,1,train
0688,c0016094,1,Івано-Франківська,Чоловіча,Технічна,text_donation,,1,train
0689,280f22ee,1,Київ,Чоловіча,Технічна,text_donation,,1,train
0690,b75be1d1,1,Київ,Чоловіча,Природнича,text_donation,,1,train
0691,b75be1d1,1,Київ,Чоловіча,Природнича,text_donation,,1,train
0692,6e9f5804,1,Дніпропетровська,Чоловіча,Технічна,text_donation,,1,train
0693,8a7b77ad,0,Київ,Чоловіча,Технічна,translation,ru,1,train
0694,67211f18,0,Харківська,Жіноча,Гуманітарна,text_donation,,1,train
0695,404691ee,1,Київ,Жіноча,Гуманітарна,text_donation,,1,train
0696,4f1cea9e,1,Сумська,Чоловіча,Технічна,essay,,1,train
0697,b170bc45,1,Львівська,Чоловіча,Технічна,translation,en,1,train
0698,2b175c22,1,Львівська,Чоловіча,Технічна,translation,en,1,train
0699,e70ef5bc,1,Полтавська,Чоловіча,Технічна,text_donation,,1,train
0700,740cba70,0,Київ,Жіноча,Технічна,translation,ru,1,train
0701,f69ece2b,0,Київ,Чоловіча,Технічна,translation,en,1,train
0702,7c2d5981,1,Львівська,Чоловіча,Інше,translation,en,1,train
0703,20e76a0a,1,Тернопільська,Чоловіча,Гуманітарна,essay,,1,train
0704,e9d418da,1,Кіровоградська,Чоловіча,Інше,essay,,1,train
0705,e70ef5bc,1,Полтавська,Чоловіча,Технічна,text_donation,,1,train
0706,b95d4864,1,Львівська,Жіноча,Інше,translation,en,1,train
0707,e70ef5bc,1,Полтавська,Чоловіча,Технічна,text_donation,,1,train
0708,b75be1d1,1,Київ,Чоловіча,Природнича,text_donation,,1,train
0709,c0016094,1,Івано-Франківська,Чоловіча,Технічна,text_donation,,1,train
0710,c0016094,1,Івано-Франківська,Чоловіча,Технічна,text_donation,,1,train
0711,e70ef5bc,1,Полтавська,Чоловіча,Технічна,text_donation,,1,train
0712,d6900217,1,Рівненська,Жіноча,Гуманітарна,text_donation,,1,train
0713,65b29388,1,Львівська,Чоловіча,Технічна,text_donation,,1,train
0714,e70ef5bc,1,Полтавська,Чоловіча,Технічна,text_donation,,1,train
0715,7d30d6b7,1,Київ,Чоловіча,Природнича,text_donation,,1,test
0716,f609d158,1,Львівська,Жіноча,Технічна,text_donation,,1,train
0717,b5735b48,1,Івано-Франківська,Чоловіча,Технічна,text_donation,,1,train
0718,c0016094,1,Івано-Франківська,Чоловіча,Технічна,text_donation,,1,train
0719,40cdc925,0,Київ,Чоловіча,Технічна,translation,en,1,train
0720,a4508265,1,Київ,Жіноча,Гуманітарна,text_donation,,1,train
0721,8b44147b,1,Київ,Жіноча,Інше,translation,ru,1,train
0722,bf90bd5c,0,Інше,Чоловіча,Технічна,translation,ru,1,train
0723,dfaca6b5,1,Дніпропетровська,Чоловіча,Технічна,text_donation,,1,test
0724,fb68f16f,1,Львівська,Чоловіча,Технічна,text_donation,,1,train
0725,ce29bcd8,1,Львівська,Жіноча,Технічна,text_donation,,1,train
0726,966c8fb8,1,Київ,Жіноча,Гуманітарна,translation,ru,1,train
0727,d6900217,1,Рівненська,Жіноча,Гуманітарна,text_donation,,1,train
0728,8abaae93,1,Київ,Жіноча,Технічна,translation,en,1,train
0729,280f22ee,1,Київ,Чоловіча,Технічна,text_donation,,1,train
0730,c0016094,1,Івано-Франківська,Чоловіча,Технічна,text_donation,,1,train
0731,30807001,0,Київ,Жіноча,Технічна,translation,ru,1,train
0732,b976f82e,1,Львівська,Жіноча,Гуманітарна,text_donation,,1,train
0733,6899dcee,0,Чернігівська,Жіноча,Гуманітарна,translation,ru,1,train
0734,7896f51c,0,Харківська,Чоловіча,Технічна,text_donation,,1,train
0735,60d85da8,1,Київ,Жіноча,Гуманітарна,essay,,1,train
0736,8ed107e9,1,Донецька,Жіноча,Інше,translation,ru,1,train
0737,9e41c2f0,1,Інше,Чоловіча,Технічна,translation,en,1,train
0738,4470e3d3,0,Київ,Жіноча,Технічна,translation,en,1,train
0739,85dbd996,1,Київ,Жіноча,Гуманітарна,text_donation,,1,train
0740,280f22ee,1,Київ,Чоловіча,Технічна,text_donation,,1,train
0741,8529e2cb,1,Тернопільська,Чоловіча,Гуманітарна,text_donation,,1,train
0742,b08622e9,1,Київ,Чоловіча,Технічна,translation,ru,1,train
0743,a76f71d5,1,Тернопільська,Чоловіча,Технічна,text_donation,,1,test
0744,7896f51c,0,Харківська,Чоловіча,Технічна,text_donation,,1,train
0745,77734795,0,Київ,Жіноча,Технічна,translation,en,1,train
0746,0088068e,0,Київ,Жіноча,Інше,translation,en,1,train
0747,bad8123d,1,Львівська,Чоловіча,Технічна,text_donation,,1,train
0748,b75be1d1,1,Київ,Чоловіча,Природнича,text_donation,,1,train
0749,e70ef5bc,1,Полтавська,Чоловіча,Технічна,text_donation,,1,train
0750,34fdde49,0,Харківська,Чоловіча,Технічна,text_donation,,1,train
0751,4ce4716e,1,Київ,Чоловіча,Технічна,translation,en,1,train
0752,adf5fdf5,1,Львівська,Жіноча,Інше,text_donation,,1,train
0753,d1654f91,1,Київ,Жіноча,Інше,translation,en,1,train
0754,76333551,1,Київ,Жіноча,Інше,text_donation,,1,train
0755,b13100a2,1,Київська,Чоловіча,Інше,translation,ru,1,train
0756,d6900217,1,Рівненська,Жіноча,Гуманітарна,text_donation,,1,train
0757,e70ef5bc,1,Полтавська,Чоловіча,Технічна,text_donation,,1,train
0758,e70ef5bc,1,Полтавська,Чоловіча,Технічна,text_donation,,1,train
0759,b75be1d1,1,Київ,Чоловіча,Природнича,text_donation,,1,train
0760,d6900217,1,Рівненська,Жіноча,Гуманітарна,text_donation,,1,train
0761,680fead6,1,Вінницька,Чоловіча,Технічна,translation,en,1,train
0762,280f22ee,1,Київ,Чоловіча,Технічна,text_donation,,1,train
0763,410a6065,1,Полтавська,Чоловіча,Технічна,translation,pl,1,test
0764,7896f51c,0,Харківська,Чоловіча,Технічна,text_donation,,1,train
0765,446b08a9,0,AP Крим,Жіноча,Технічна,text_donation,,1,test
0766,85dbd996,1,Київ,Жіноча,Гуманітарна,text_donation,,1,train
0767,a3566a9a,0,Київ,Жіноча,Інше,essay,,1,train
0768,c0016094,1,Івано-Франківська,Чоловіча,Технічна,text_donation,,1,train
0769,95779e54,1,Київ,Жіноча,Гуманітарна,translation,en,1,train
0770,2891154a,1,Чернівецька,Чоловіча,Гуманітарна,translation,en,1,test
0771,e70ef5bc,1,Полтавська,Чоловіча,Технічна,text_donation,,1,train
0772,25c02efd,1,Житомирська,Жіноча,Гуманітарна,text_donation,,1,train
0773,59374b69,0,Запорізька,Жіноча,Гуманітарна,text_donation,,1,test
0774,a4508265,1,Київ,Жіноча,Гуманітарна,text_donation,,1,train
0775,7896f51c,0,Харківська,Чоловіча,Технічна,text_donation,,1,train
0776,79de68f2,1,Чернівецька,Чоловіча,Технічна,translation,ru,1,train
0777,85dbd996,1,Київ,Жіноча,Гуманітарна,text_donation,,1,train
0778,4c2bab9f,0,Дніпропетровська,Чоловіча,Технічна,text_donation,,1,train
0779,b75be1d1,1,Київ,Чоловіча,Природнича,text_donation,,1,train
0780,e91f0197,1,Київ,Чоловіча,Технічна,translation,en,1,train
0781,31d18037,0,Одеська,Чоловіча,Технічна,text_donation,,1,train
0782,7896f51c,0,Харківська,Чоловіча,Технічна,text_donation,,1,train
0783,280f22ee,1,Київ,Чоловіча,Технічна,text_donation,,1,train
0784,7896f51c,0,Харківська,Чоловіча,Технічна,text_donation,,1,train
0785,b75be1d1,1,Київ,Чоловіча,Природнича,text_donation,,1,train
0786,2c2e196d,0,Дніпропетровська,Жіноча,Гуманітарна,translation,ru,1,train
0787,b13100a2,1,Київська,Чоловіча,Інше,translation,ru,1,train
0788,e70ef5bc,1,Полтавська,Чоловіча,Технічна,text_donation,,1,train
0789,7896f51c,0,Харківська,Чоловіча,Технічна,text_donation,,1,train
0790,c491478e,1,Дніпропетровська,Жіноча,Гуманітарна,translation,ru,1,train
0791,26db2b25,1,Полтавська,Чоловіча,Технічна,text_donation,,1,train
0792,a4508265,1,Київ,Жіноча,Гуманітарна,text_donation,,1,train
0793,7d30d6b7,1,Київ,Чоловіча,Природнича,text_donation,,1,test
0794,60d85da8,1,Київ,Жіноча,Гуманітарна,essay,,1,train
0795,ce29bcd8,1,Львівська,Жіноча,Технічна,text_donation,,1,train
0796,e70ef5bc,1,Полтавська,Чоловіча,Технічна,text_donation,,1,train
0797,7896f51c,0,Харківська,Чоловіча,Технічна,text_donation,,1,train
0798,3709d268,1,Луганська,Чоловіча,Технічна,text_donation,,1,train
0799,1a2d0d0d,1,Київ,Чоловіча,Гуманітарна,text_donation,,1,train
0800,b13100a2,1,Київська,Чоловіча,Інше,translation,en,1,train
0801,a4f8d8e0,1,Київ,Жіноча,Технічна,translation,en,1,train
0802,5704ca3c,1,Львівська,Жіноча,Гуманітарна,text_donation,,1,train
0803,c50ba9c8,1,Київ,Жіноча,Гуманітарна,text_donation,,1,test
0804,530a649a,1,Львівська,Чоловіча,Технічна,text_donation,,1,train
0805,ce29bcd8,1,Львівська,Жіноча,Технічна,text_donation,,1,train
0806,280f22ee,1,Київ,Чоловіча,Технічна,text_donation,,1,train
0807,2ecd2f34,1,Львівська,Чоловіча,Інше,translation,en,1,train
0808,d4f40581,1,Івано-Франківська,Чоловіча,Технічна,translation,ru,1,train
0809,c50ba9c8,1,Київ,Жіноча,Гуманітарна,text_donation,,1,test
0810,41b12b0b,1,Тернопільська,Жіноча,Інше,translation,ru,1,train
0811,0a681827,1,Київ,Жіноча,Гуманітарна,text_donation,,1,train
0812,2d2dca7d,1,Київ,Жіноча,Гуманітарна,translation,ru,1,test
0813,4d18b647,1,Львівська,Чоловіча,Гуманітарна,translation,en,1,train
0814,b75be1d1,1,Київ,Чоловіча,Природнича,text_donation,,1,train
0815,decdd237,0,AP Крим,Жіноча,Технічна,essay,,1,train
0816,7896f51c,0,Харківська,Чоловіча,Технічна,text_donation,,1,train
0817,22ce04b3,0,Дніпропетровська,Жіноча,Гуманітарна,translation,en,1,train
0818,2155b970,0,Чернігівська,Жіноча,Гуманітарна,translation,ru,1,train
0819,d8a99deb,0,Київ,Чоловіча,Технічна,text_donation,,1,train
0820,20e76a0a,1,Тернопільська,Чоловіча,Гуманітарна,translation,en,1,train
0821,45d7ec9c,1,Київська,Жіноча,Гуманітарна,translation,de,1,train
0822,e70ef5bc,1,Полтавська,Чоловіча,Технічна,text_donation,,1,train
0823,fe84902b,1,Волинська,Жіноча,Технічна,translation,en,1,train
0824,94ac8f6b,1,Львівська,Жіноча,Гуманітарна,translation,ru,1,test
0825,22ce04b3,0,Дніпропетровська,Жіноча,Гуманітарна,translation,fr,1,train
0826,4ada21cb,1,Тернопільська,Чоловіча,Технічна,text_donation,,1,train
0827,adf5fdf5,1,Львівська,Жіноча,Інше,text_donation,,1,train
0828,eedd398d,0,Вінницька,Чоловіча,Технічна,text_donation,,1,test
0829,47eae402,1,Львівська,Жіноча,Інше,translation,en,1,train
0830,13490766,1,Черкаська,Жіноча,Гуманітарна,translation,en,1,test
0831,0a681827,1,Київ,Жіноча,Гуманітарна,translation,de,1,train
0832,09bbb74c,1,Харківська,Чоловіча,Природнича,text_donation,,1,test
0833,7d30d6b7,1,Київ,Чоловіча,Природнича,text_donation,,1,test
0834,1a2d0d0d,1,Київ,Чоловіча,Гуманітарна,text_donation,,1,train
0835,2ea9005f,0,Миколаївська,Жіноча,Гуманітарна,translation,en,1,train
0836,33b3af04,1,Рівненська,Чоловіча,Природнича,essay,,1,test
0837,8f8e23be,1,Львівська,Жіноча,Інше,translation,en,1,train
0838,16510e0e,1,Чернігівська,Чоловіча,Технічна,text_donation,,1,test
0839,d18a9959,1,Львівська,Жіноча,Гуманітарна,translation,en,1,test
0840,60d85da8,1,Київ,Жіноча,Гуманітарна,text_donation,,1,train
0841,f4ded7f9,0,Харківська,Чоловіча,Технічна,text_donation,,1,test
0842,78f110ee,1,Рівненська,Чоловіча,Технічна,text_donation,,1,train
0843,69481147,1,Чернівецька,Чоловіча,Гуманітарна,translation,ru,1,test
0844,f358751a,0,Харківська,Жіноча,Технічна,translation,ru,1,test
0845,2187eaf6,1,Львівська,Чоловіча,Технічна,translation,en,1,test
0846,85dbd996,1,Київ,Жіноча,Гуманітарна,text_donation,,1,train
0847,43e05e11,1,Київ,Чоловіча,Технічна,translation,en,1,train
0848,1e44b3d4,1,Волинська,Жіноча,Інше,translation,en,1,test
0849,037aed70,0,Київ,Чоловіча,Гуманітарна,translation,en,1,train
0850,ce29bcd8,1,Львівська,Жіноча,Технічна,text_donation,,1,train
0851,3468afba,1,Київ,Жіноча,Гуманітарна,text_donation,,1,test
0852,8d7f38ed,1,Івано-Франківська,Жіноча,Гуманітарна,translation,en,1,train
0853,e634fd05,1,Київ,Жіноча,Гуманітарна,translation,en,1,train
0854,efa9123a,1,Львівська,Жіноча,Інше,translation,en,1,train
0855,8e7293d3,1,Львівська,Чоловіча,Інше,translation,en,1,train
0856,8603d2ba,1,Київ,Жіноча,Інше,text_donation,,1,test
0857,6efb533f,0,Київ,Чоловіча,Гуманітарна,text_donation,,1,train
0858,2a100750,1,Івано-Франківська,Чоловіча,Гуманітарна,text_donation,,1,train
0859,5d92d6e1,0,Харківська,Жіноча,Технічна,text_donation,,1,train
0860,53aba91a,1,Тернопільська,Жіноча,Інше,text_donation,,1,train
0861,6e9f5804,1,Дніпропетровська,Чоловіча,Технічна,text_donation,,1,train
0862,e70ef5bc,1,Полтавська,Чоловіча,Технічна,text_donation,,1,train
0863,d8e8726f,0,Київ,Жіноча,Інше,text_donation,,1,test
0864,decdd237,0,AP Крим,Жіноча,Технічна,essay,,1,train
0865,3468afba,1,Київ,Жіноча,Гуманітарна,essay,,1,test
0866,d6900217,1,Рівненська,Жіноча,Гуманітарна,text_donation,,1,train
0867,6efb533f,0,Київ,Чоловіча,Гуманітарна,translation,en,1,train
0868,9b3ea7d5,0,Дніпропетровська,Жіноча,Гуманітарна,essay,,1,train
0869,299445b4,1,Київська,Чоловіча,Гуманітарна,text_donation,,1,train
0870,76333551,1,Київ,Жіноча,Інше,text_donation,,1,train
0871,9ad2992d,0,Черкаська,Чоловіча,Технічна,text_donation,,1,test
0872,141e6b0e,1,Київ,Жіноча,Інше,translation,ru,1,train
0873,e91f0197,1,Київ,Чоловіча,Технічна,translation,ru,1,train
0874,f8c3e4e3,0,Луганська,Жіноча,Інше,translation,ru,1,train
0875,79dfaf31,1,Київська,Жіноча,Технічна,text_donation,,1,train
0876,6e9f5804,1,Дніпропетровська,Чоловіча,Технічна,text_donation,,1,train
0877,c0016094,1,Івано-Франківська,Чоловіча,Технічна,text_donation,,1,train
0878,e70ef5bc,1,Полтавська,Чоловіча,Технічна,text_donation,,1,train
0879,d8a99deb,0,Київ,Чоловіча,Технічна,text_donation,,1,train
0880,916a1ff4,1,Кіровоградська,Жіноча,Інше,translation,ru,1,train
0881,b78b5a9e,0,Київ,Чоловіча,Технічна,translation,en,1,train
0882,d2e738a6,1,Львівська,Чоловіча,Технічна,translation,en,1,train
0883,24fb243e,1,Київ,Чоловіча,Технічна,translation,en,1,test
0884,1f01c390,0,Харківська,Жіноча,Гуманітарна,text_donation,,1,test
0885,7a6bdcae,1,Львівська,Чоловіча,Інше,translation,en,1,test
0886,1a2d0d0d,1,Київ,Чоловіча,Гуманітарна,translation,fr,1,train
0887,2365c90a,1,Вінницька,Жіноча,Технічна,text_donation,,1,train
0888,d8c789c7,0,Київ,Чоловіча,Технічна,translation,en,1,test
0889,530a649a,1,Львівська,Чоловіча,Технічна,text_donation,,1,train
0890,b641b977,0,Київ,Чоловіча,Технічна,text_donation,,1,test
0891,c612dc47,1,Одеська,Жіноча,Гуманітарна,text_donation,,1,train
0892,ce29bcd8,1,Львівська,Жіноча,Технічна,text_donation,,1,train
0893,b75be1d1,1,Київ,Чоловіча,Природнича,text_donation,,1,train
0894,33511c2f,1,Житомирська,Чоловіча,Гуманітарна,translation,ru,1,train
0895,f4d56c90,1,Київ,Жіноча,Природнича,essay,,1,test
0896,97fb0c6e,1,Сумська,Жіноча,Гуманітарна,text_donation,,1,test
0897,d3cf9a72,1,Київ,Жіноча,Технічна,essay,,1,train
0898,76333551,1,Київ,Жіноча,Інше,text_donation,,1,train
0899,b7808c7e,1,Житомирська,Чоловіча,Технічна,text_donation,,1,train
0900,898e8fce,1,Львівська,Чоловіча,Технічна,text_donation,,1,train
0901,dfaca6b5,1,Дніпропетровська,Чоловіча,Технічна,text_donation,,1,test
0902,ce29bcd8,1,Львівська,Жіноча,Технічна,text_donation,,1,train
0903,e70ef5bc,1,Полтавська,Чоловіча,Технічна,text_donation,,1,train
0904,530a649a,1,Львівська,Чоловіча,Технічна,text_donation,,1,train
0905,cae03f86,1,Закарпатська,Чоловіча,Технічна,text_donation,,1,train
0906,3468afba,1,Київ,Жіноча,Гуманітарна,text_donation,,1,test
0907,8e065803,1,Чернігівська,Чоловіча,Технічна,text_donation,,1,train
0908,065bfd8a,1,Кіровоградська,Чоловіча,Гуманітарна,text_donation,,1,train
0909,981cfa9b,1,Івано-Франківська,Чоловіча,Інше,text_donation,,1,test
0910,25c02efd,1,Житомирська,Жіноча,Гуманітарна,text_donation,,1,train
0911,18d5b92e,1,Київ,Жіноча,Гуманітарна,translation,ru,1,train
0912,1faf7e1b,1,Львівська,Жіноча,Технічна,translation,en,1,train
0913,9ed578d6,1,Сумська,Жіноча,Інше,translation,en,1,train
0914,3a70a64e,1,Київ,Жіноча,Гуманітарна,translation,en,1,train
0915,48f599b6,0,Київ,Жіноча,Гуманітарна,text_donation,,1,train
0916,8e95274a,1,Харківська,Чоловіча,Інше,translation,ru,1,train
0917,b75be1d1,1,Київ,Чоловіча,Природнича,text_donation,,1,train
0918,aec97fcc,1,Черкаська,Жіноча,Гуманітарна,translation,ru,1,train
0919,680f42b7,1,Волинська,Жіноча,Гуманітарна,text_donation,,1,train
0920,dfaca6b5,1,Дніпропетровська,Чоловіча,Технічна,text_donation,,1,test
0921,8603d2ba,1,Київ,Жіноча,Інше,text_donation,,1,test
0922,8ed107e9,1,Донецька,Жіноча,Інше,translation,ru,1,train
0923,70711d24,0,Луганська,Жіноча,Технічна,translation,ru,1,test
0924,9ad2992d,0,Черкаська,Чоловіча,Технічна,text_donation,,1,test
0925,a0de1eb3,1,Хмельницька,Чоловіча,Гуманітарна,text_donation,,1,train
0926,7896f51c,0,Харківська,Чоловіча,Технічна,text_donation,,1,train
0927,25c02efd,1,Житомирська,Жіноча,Гуманітарна,text_donation,,1,train
0928,7cdca324,0,Київ,Жіноча,Гуманітарна,translation,en,1,train
0929,d18a9959,1,Львівська,Жіноча,Гуманітарна,text_donation,,1,test
0930,9ad2992d,0,Черкаська,Чоловіча,Технічна,text_donation,,1,test
0931,a76f71d5,1,Тернопільська,Чоловіча,Технічна,text_donation,,1,test
0932,d8e8726f,0,Київ,Жіноча,Інше,text_donation,,1,test
0933,62fc17be,1,Київ,Жіноча,Гуманітарна,text_donation,,1,test
0934,b13100a2,1,Київська,Чоловіча,Інше,translation,ru,1,train
0935,bb14d78e,1,Житомирська,Жіноча,Технічна,essay,,1,train
0936,88ea1ef5,0,Запорізька,Жіноча,Гуманітарна,translation,en,1,train
0937,b655e8e6,0,Інше,Жіноча,Технічна,text_donation,,1,train
0938,5f199bef,0,Інше,Чоловіча,Технічна,text_donation,,1,train
0939,cd7e4a2e,0,Інше,Жіноча,Технічна,text_donation,,1,train
0940,07a96e0e,0,Інше,Жіноча,Гуманітарна,text_donation,,1,train
0941,7b56fd6d,0,Інше,Жіноча,Гуманітарна,text_donation,,1,train
0942,7b761a91,0,Інше,Жіноча,Гуманітарна,text_donation,,1,train
0943,b7afd317,0,Інше,Жіноча,Гуманітарна,text_donation,,1,train
0944,c3aeeda5,0,Інше,Жіноча,Гуманітарна,text_donation,,1,train
0945,cbe0a784,0,Інше,Жіноча,Гуманітарна,text_donation,,1,train
0946,0a79e607,0,Інше,Жіноча,Гуманітарна,text_donation,,1,train
0947,8f1d78c4,0,Інше,Жіноча,Гуманітарна,text_donation,,1,train
0948,b162da46,0,Інше,Жіноча,Гуманітарна,text_donation,,1,train
0949,f6ec882f,0,Інше,Жіноча,Гуманітарна,text_donation,,1,train
0950,1a8f3a75,0,Інше,Жіноча,Гуманітарна,text_donation,,1,train
0951,3a9cf8a5,0,Інше,Жіноча,Гуманітарна,text_donation,,1,train
0952,eb3c3749,0,Інше,Жіноча,Гуманітарна,text_donation,,1,train
0953,d5a711a5,0,Інше,Жіноча,Гуманітарна,text_donation,,1,train
0954,7f0f3fdc,0,Інше,Жіноча,Гуманітарна,text_donation,,1,train
0955,7413800b,0,Інше,Жіноча,Гуманітарна,text_donation,,1,train
0956,19f524b0,0,Інше,Жіноча,Гуманітарна,text_donation,,1,train
0957,5616c0bd,0,Інше,Жіноча,Гуманітарна,text_donation,,1,train
0958,ae538b31,0,Інше,Жіноча,Гуманітарна,text_donation,,1,train
0959,8c3c899e,0,Інше,Жіноча,Гуманітарна,text_donation,,1,train
0960,35fc65a0,0,Інше,Жіноча,Гуманітарна,text_donation,,1,train
0961,007f8b73,0,Інше,Жіноча,Гуманітарна,text_donation,,1,train
0962,c26a8b4f,0,Інше,Жіноча,Гуманітарна,text_donation,,1,train
0963,9ad552dc,0,Інше,Жіноча,Гуманітарна,text_donation,,1,train
0964,17b91c92,0,Інше,Жіноча,Гуманітарна,text_donation,,1,train
0965,b8cfe918,0,Інше,Жіноча,Гуманітарна,text_donation,,1,train
0966,fd6e5dac,0,Інше,Жіноча,Гуманітарна,text_donation,,1,train
0967,73201337,1,Інше,Жіноча,Гуманітарна,text_donation,,1,train
0968,b661c8b1,1,Інше,Жіноча,Гуманітарна,text_donation,,1,train
0969,5c17ecb1,0,Інше,Жіноча,Технічна,text_donation,,1,train
0970,7f95022b,1,Інше,Жіноча,Гуманітарна,text_donation,,1,train
0971,32091bfc,1,Інше,Жіноча,Гуманітарна,text_donation,,1,train
0972,36bc46fd,1,Інше,Жіноча,Гуманітарна,text_donation,,1,train
0973,424a52f0,1,Інше,Жіноча,Гуманітарна,text_donation,,1,train
0974,1479cb20,1,Інше,Жіноча,Гуманітарна,text_donation,,1,train
0975,a8adc5f9,1,Інше,Жіноча,Гуманітарна,text_donation,,1,train
0976,71da1a67,1,Інше,Жіноча,Гуманітарна,text_donation,,1,train
0977,1813e43e,1,Інше,Жіноча,Гуманітарна,text_donation,,1,train
0978,a9720a2c,1,Інше,Жіноча,Гуманітарна,text_donation,,1,train
0979,7d327687,1,Інше,Жіноча,Гуманітарна,text_donation,,1,train
0980,bc9c81d1,1,Інше,Жіноча,Гуманітарна,text_donation,,1,train
0981,cdd0e0f8,1,Інше,Жіноча,Гуманітарна,text_donation,,1,train
0982,a1c3b88e,0,Інше,Жіноча,Гуманітарна,essay,,1,train
0983,f282a8bb,0,Інше,Жіноча,Гуманітарна,essay,,1,train
0984,76a8bf15,0,Інше,Чоловіча,Технічна,essay,,1,train
0985,534911dd,0,Інше,Жіноча,Інше,essay,,1,train
0986,bc2389f1,0,Інше,Жіноча,Природнича,essay,,1,train
0987,78b0d51d,0,Інше,Жіноча,Технічна,essay,,1,train
0988,739f86b4,0,Інше,Жіноча,Інше,essay,,1,train
0989,ec0e40be,1,Інше,Чоловіча,Гуманітарна,essay,,1,train
0990,72a7ba89,1,Інше,Чоловіча,Технічна,essay,,1,train
0991,2dcaefba,0,Інше,Жіноча,Гуманітарна,essay,,1,train
0992,15d1a4a2,1,Інше,Чоловіча,Технічна,essay,,1,train
0993,67fc7750,1,Інше,Жіноча,Гуманітарна,essay,,1,train
0994,da902e6a,0,Інше,Чоловіча,Технічна,essay,,1,train
0995,e4b0c08e,1,Інше,Жіноча,Гуманітарна,essay,,1,train
0996,0d4c65a9,0,Інше,Чоловіча,Технічна,essay,,1,train
0997,30ac697a,0,Інше,Жіноча,Технічна,essay,,1,train
0998,bae4ad1d,0,Інше,Жіноча,Технічна,essay,,1,train
0999,c95f6e2e,0,Інше,Чоловіча,Гуманітарна,essay,,1,train
1000,36e33f83,0,Інше,Чоловіча,Гуманітарна,essay,,1,train
1001,68bd82cf,0,Інше,Інше,Технічна,essay,,1,train
1002,f11a8f33,0,Інше,Інше,Технічна,essay,,1,train
1003,b655e8e6,0,Інше,Жіноча,Гуманітарна,translation,ru,1,train
1004,5f199bef,0,Інше,Жіноча,Гуманітарна,translation,ru,1,train
1005,cd7e4a2e,0,Інше,Жіноча,Гуманітарна,translation,ru,1,train
1006,07a96e0e,0,Інше,Інше,Технічна,translation,ru,1,train
1007,7b56fd6d,1,Інше,Чоловіча,Технічна,translation,ru,1,train
1008,7b761a91,1,Інше,Чоловіча,Технічна,translation,ru,1,train
1009,b7afd317,0,Інше,Чоловіча,Технічна,translation,ru,1,train
1010,c3aeeda5,1,Інше,Чоловіча,Технічна,translation,ru,1,train
